X--Trace 1::[interactive: TIME],Y--Trace 1::[vS: V(1)],,X--Trace 2::[interactive: TIME],Y--Trace 2::[v0: V(2)],,X--Trace 3::[interactive: TIME],Y--Trace 3::[vD: V(1)-V(2)],,X--Trace 4::[interactive: TIME],Y--Trace 4::[i0: I(R1)]
0,0,,0,-4.675170023081617e-30,,0,4.675170023081617e-30,,0,4.6751700230816166e-42
0.000005208333333333333,0.6108960113027535,,0.000005208333333333333,0.0016954937153409178,,0.000005208333333333333,0.6092005175874126,,0.000005208333333333333,0.00016954937313949748
0.000010416666666666666,1.221789667410185,,0.000010416666666666666,0.46726052009703345,,0.000010416666666666666,0.7545291473131515,,0.000010416666666666666,0.046726083000943344
0.000020833333333333333,2.4435604933122725,,0.000020833333333333333,1.656300871040079,,0.000020833333333333333,0.7872596222721935,,0.000020833333333333333,0.16563346211361593
0.000041666666666666665,4.88697025630312,,0.000041666666666666665,4.076417020904478,,0.000041666666666666665,0.8105532353986415,,0.000041666666666666665,0.40764223931953847
0.00008333333333333333,9.772734725820802,,0.00008333333333333333,8.941864492985735,,0.00008333333333333333,0.8308702328350677,,0.00008333333333333333,0.8941881208551493
0.00016666666666666666,19.535824942343783,,0.00016666666666666666,18.68587837724141,,0.00016666666666666666,0.8499465651023748,,0.00016666666666666666,1.8695891383329573
0.0003333333333333333,38.99455090870959,,0.0003333333333333333,38.12616602481069,,0.0003333333333333333,0.8683848838988979,,0.0003333333333333333,3.813733591501685
0.0006666666666666666,77.37413445537322,,0.0006666666666666666,76.48774411288804,,0.0006666666666666666,0.8863903424851856,,0.0006666666666666666,7.650436639916366
0.0011875,134.6783405889064,,0.0011875,133.77749597877894,,0.0011875,0.9008446101274501,,0.0011875,13.378050170575849
0.0017083333333333334,186.80693362209144,,0.0017083333333333334,185.897572112508,,0.0017083333333333334,0.909361509583448,,0.0017083333333333334,18.59529271449062
0.0022291666666666666,231.7566409587148,,0.0022291666666666666,230.84168612533787,,0.0022291666666666666,0.9149548333769246,,0.0022291666666666666,23.084605106299005
0.00275,267.8000705539164,,0.00275,266.88136395867434,,0.00275,0.9187065952420426,,0.00275,26.688218115142796
0.003270833333333333,293.55209362174077,,0.003270833333333333,292.6310047771038,,0.003270833333333333,0.9210888446369836,,0.003270833333333333,29.26312822358375
0.0037916666666666663,308.02307435759235,,0.0037916666666666663,307.1007127467579,,0.0037916666666666663,0.9223616108344572,,0.0037916666666666663,30.73917496082941
0.0043124999999999995,310.65690108721185,,0.0043124999999999995,309.7343210265364,,0.0043124999999999995,0.9225800606754433,,0.0043124999999999995,30.999898620021458
0.004833333333333333,301.35235732644713,,0.004833333333333333,300.4305679546786,,0.004833333333333333,0.9217893717685115,,0.004833333333333333,30.06654622873173
0.005354166666666666,280.467011473976,,0.005354166666666666,279.54708295600943,,0.005354166666666666,0.9199285179665821,,0.005354166666666666,27.979329617013
0.005874999999999999,248.8034756582721,,0.005874999999999999,247.8866787422861,,0.005874999999999999,0.9167969159859979,,0.005874999999999999,24.788685340963873
0.006395833333333332,207.57856180361742,,0.006395833333333332,206.66646866590222,,0.006395833333333332,0.9120931377152033,,0.006395833333333332,20.66668071705013
0.006916666666666666,158.3765202302484,,0.006916666666666666,157.47145842495942,,0.006916666666666666,0.9050618052889661,,0.006916666666666666,15.7472673226187
0.007437499999999999,103.0881578030066,,0.007437499999999999,102.19427713517697,,0.007437499999999999,0.8938806678296203,,0.007437499999999999,10.220187447853592
0.007958333333333333,43.838175283900185,,0.007958333333333333,42.96670642865664,,0.007958333333333333,0.8714688552435419,,0.007958333333333333,4.296693546380227
0.008479166666666666,-17.09648372663443,,0.008479166666666666,-1.7106483726292295e-10,,0.008479166666666666,-17.096483726463365,,0.008479166666666666,-1.7106483726463365e-11
0.009,-77.37413445537302,,0.009,-7.738413445382533e-10,,0.009,-77.37413445459919,,0.009,-7.738413445459918e-11
0.009520833333333333,-134.67834058890625,,0.009520833333333333,-1.3468834058621246e-9,,0.009520833333333333,-134.67834058755938,,0.009520833333333333,-1.346883405875594e-10
0.010041666666666666,-186.80693362209126,,0.010041666666666666,-1.868169336183549e-9,,0.010041666666666666,-186.8069336202231,,0.010041666666666666,-1.8681693362022311e-10
0.010562499999999999,-231.75664095871474,,0.010562499999999999,-2.3176664095407934e-9,,0.010562499999999999,-231.75664095639706,,0.010562499999999999,-2.3176664095639707e-10
0.011083333333333332,-267.8000705539163,,0.011083333333333332,-2.6781007054856007e-9,,0.011083333333333332,-267.8000705512382,,0.011083333333333332,-2.678100705512382e-10
0.011604166666666665,-293.5520936217407,,0.011604166666666665,-2.935620936158694e-9,,0.011604166666666665,-293.5520936188051,,0.011604166666666665,-2.935620936188051e-10
0.012124999999999999,-308.02307435759235,,0.012124999999999999,-3.080330743514316e-9,,0.012124999999999999,-308.023074354512,,0.012124999999999999,-3.08033074354512e-10
0.012645833333333332,-310.6569010872119,,0.012645833333333332,-3.106669010809985e-9,,0.012645833333333332,-310.65690108410524,,0.012645833333333332,-3.106669010841052e-10
0.013166666666666665,-301.35235732644713,,0.013166666666666665,-3.013623573204198e-9,,0.013166666666666665,-301.3523573234335,,0.013166666666666665,-3.013623573234335e-10
0.013687499999999998,-280.467011473976,,0.013687499999999998,-2.804770114683664e-9,,0.013687499999999998,-280.46701147117125,,0.013687499999999998,-2.8047701147117124e-10
0.014208333333333331,-248.80347565827205,,0.014208333333333331,-2.488134756532957e-9,,0.014208333333333331,-248.80347565578393,,0.014208333333333331,-2.488134756557839e-10
0.014729166666666665,-207.57856180361756,,0.014729166666666665,-2.0758856179946572e-9,,0.014729166666666665,-207.57856180154167,,0.014729166666666665,-2.0758856180154168e-10
0.015249999999999998,-158.37652023024842,,0.015249999999999998,-1.5838652022708068e-9,,0.015249999999999998,-158.37652022866456,,0.015249999999999998,-1.5838652022866456e-10
0.01577083333333333,-103.08815780300688,,0.01577083333333333,-1.0309815780094489e-9,,0.01577083333333333,-103.0881578019759,,0.01577083333333333,-1.0309815780197589e-10
0.016291666666666666,-43.83817528390023,,0.016291666666666666,-4.3848175283023254e-10,,0.016291666666666666,-43.838175283461744,,0.016291666666666666,-4.3848175283461744e-11
0.0168125,17.096483726634528,,0.0168125,16.250161643245782,,0.0168125,0.8463220833887455,,0.0168125,1.6251230592847863
0.017333333333333336,77.37413445537352,,0.017333333333333336,76.48774955117993,,0.017333333333333336,0.8863849041935907,,0.017333333333333336,7.648828202251726
0.01785416666666667,134.67834058890674,,0.01785416666666667,133.77749652431302,,0.01785416666666667,0.9008440645937128,,0.01785416666666667,13.377768000449542
0.018375000000000006,186.8069336220918,,0.018375000000000006,185.89757209088418,,0.018375000000000006,0.9093615312076224,,0.018375000000000006,18.59530826139454
0.01889583333333334,231.75664095871537,,0.01889583333333334,230.84168612495213,,0.01889583333333334,0.9149548337632325,,0.01889583333333334,23.084605451090983
0.019416666666666676,267.80007055391684,,0.019416666666666676,266.8813639586784,,0.019416666666666676,0.9187065952384614,,0.019416666666666676,26.688218111447647
0.01993750000000001,293.55209362174116,,0.01993750000000001,292.63100477710424,,0.01993750000000001,0.9210888446369268,,0.01993750000000001,29.2631282235195
0.020458333333333346,308.0230743575925,,0.020458333333333346,307.10071274675795,,0.020458333333333346,0.9223616108345709,,0.020458333333333346,30.739174960964608
0.02097916666666668,310.6569010872118,,0.02097916666666668,309.73432102653635,,0.02097916666666668,0.9225800606754433,,0.02097916666666668,30.999898620021458
0.021500000000000016,301.3523573264467,,0.021500000000000016,300.43056795467817,,0.021500000000000016,0.9217893717685115,,0.021500000000000016,30.06654622873173
0.02202083333333335,280.46701147397533,,0.02202083333333335,279.54708295600875,,0.02202083333333335,0.9199285179665821,,0.02202083333333335,27.979329617013
0.022541666666666686,248.8034756582706,,0.022541666666666686,247.8866787422846,,0.022541666666666686,0.9167969159859979,,0.022541666666666686,24.788685340963873
0.02306250000000002,207.5785618036157,,0.02306250000000002,206.6664686659005,,0.02306250000000002,0.9120931377152033,,0.02306250000000002,20.66668071705013
0.023583333333333355,158.37652023024606,,0.023583333333333355,157.4714584249571,,0.023583333333333355,0.9050618052889661,,0.023583333333333355,15.7472673226187
0.02410416666666669,103.0881578030038,,0.02410416666666669,102.19427713517418,,0.02410416666666669,0.8938806678296203,,0.02410416666666669,10.220187447853592
0.024625000000000025,43.83817528389698,,0.024625000000000025,42.96670642865344,,0.024625000000000025,0.8714688552435419,,0.024625000000000025,4.296693546380227
0.02514583333333336,-17.096483726637526,,0.02514583333333336,-1.7106483726295391e-10,,0.02514583333333336,-17.096483726466463,,0.02514583333333336,-1.710648372646646e-11
0.025666666666666695,-77.37413445537642,,0.025666666666666695,-7.738413445382873e-10,,0.025666666666666695,-77.37413445460258,,0.025666666666666695,-7.738413445460257e-11
0.02618750000000003,-134.6783405889097,,0.02618750000000003,-1.3468834058621592e-9,,0.02618750000000003,-134.67834058756281,,0.02618750000000003,-1.3468834058756283e-10
0.026708333333333365,-186.8069336220942,,0.026708333333333365,-1.8681693361835782e-9,,0.026708333333333365,-186.80693362022603,,0.026708333333333365,-1.8681693362022603e-10
0.0272291666666667,-231.75664095871736,,0.0272291666666667,-2.3176664095408195e-9,,0.0272291666666667,-231.75664095639968,,0.0272291666666667,-2.3176664095639968e-10
0.027750000000000035,-267.80007055391826,,0.027750000000000035,-2.6781007054856198e-9,,0.027750000000000035,-267.80007055124014,,0.027750000000000035,-2.678100705512401e-10
0.02827083333333337,-293.55209362174224,,0.02827083333333337,-2.935620936158709e-9,,0.02827083333333337,-293.5520936188066,,0.02827083333333337,-2.935620936188066e-10
0.028791666666666705,-308.023074357593,,0.028791666666666705,-3.0803307435143226e-9,,0.028791666666666705,-308.02307435451263,,0.028791666666666705,-3.0803307435451263e-10
0.02931250000000004,-310.6569010872116,,0.02931250000000004,-3.106669010809982e-9,,0.02931250000000004,-310.65690108410496,,0.02931250000000004,-3.1066690108410495e-10
0.029833333333333375,-301.3523573264459,,0.029833333333333375,-3.0136235732041856e-9,,0.029833333333333375,-301.3523573234323,,0.029833333333333375,-3.0136235732343224e-10
0.03035416666666671,-280.4670114739737,,0.03035416666666671,-2.804770114683641e-9,,0.03035416666666671,-280.4670114711689,,0.03035416666666671,-2.804770114711689e-10
0.030875000000000045,-248.80347565826895,,0.030875000000000045,-2.488134756532926e-9,,0.030875000000000045,-248.80347565578083,,0.030875000000000045,-2.488134756557808e-10
0.03139583333333338,-207.57856180361367,,0.03139583333333338,-2.0758856179946184e-9,,0.03139583333333338,-207.57856180153777,,0.03139583333333338,-2.0758856180153777e-10
0.03191666666666671,-158.37652023024373,,0.03191666666666671,-1.5838652022707598e-9,,0.03191666666666671,-158.37652022865987,,0.03191666666666671,-1.5838652022865988e-10
0.03243750000000004,-103.08815780300226,,0.03243750000000004,-1.0309815780094028e-9,,0.03243750000000004,-103.08815780197128,,0.03243750000000004,-1.0309815780197128e-10
0.032958333333333374,-43.838175283895374,,0.032958333333333374,-4.3848175283018405e-10,,0.032958333333333374,-43.83817528345689,,0.032958333333333374,-4.384817528345689e-11
0.033479166666666706,17.096483726638592,,0.033479166666666706,16.250161643249843,,0.033479166666666706,0.846322083388749,,0.033479166666666706,1.6251230592850059
0.03400000000000004,77.37413445537746,,0.03400000000000004,76.48774955118387,,0.03400000000000004,0.8863849041935907,,0.03400000000000004,7.648828202251726
0.03452083333333337,134.67834058891015,,0.03452083333333337,133.77749652431643,,0.03452083333333337,0.9008440645937128,,0.03452083333333337,13.377768000449542
0.0350416666666667,186.80693362209416,,0.0350416666666667,185.89757209088654,,0.0350416666666667,0.9093615312076224,,0.0350416666666667,18.59530826139454
0.03556250000000003,231.75664095871696,,0.03556250000000003,230.84168612495372,,0.03556250000000003,0.9149548337632325,,0.03556250000000003,23.084605451090983
0.03608333333333336,267.8000705539182,,0.03608333333333336,266.88136395867974,,0.03608333333333336,0.9187065952384614,,0.03608333333333336,26.688218111447647
0.036604166666666695,293.5520936217419,,0.036604166666666695,292.631004777105,,0.036604166666666695,0.9210888446369268,,0.036604166666666695,29.2631282235195
0.037125000000000026,308.02307435759275,,0.037125000000000026,307.1007127467582,,0.037125000000000026,0.9223616108345709,,0.037125000000000026,30.739174960964608
0.03764583333333336,310.65690108721174,,0.03764583333333336,309.7343210265363,,0.03764583333333336,0.9225800606754433,,0.03764583333333336,30.999898620021458
0.03816666666666669,301.3523573264464,,0.03816666666666669,300.4305679546779,,0.03816666666666669,0.9217893717685115,,0.03816666666666669,30.06654622873173
0.03868750000000002,280.4670114739749,,0.03868750000000002,279.5470829560083,,0.03868750000000002,0.9199285179665821,,0.03868750000000002,27.979329617013
0.03920833333333335,248.80347565827094,,0.03920833333333335,247.88667874228494,,0.03920833333333335,0.9167969159859979,,0.03920833333333335,24.788685340963873
0.03972916666666668,207.57856180361617,,0.03972916666666668,206.66646866590096,,0.03972916666666668,0.9120931377152033,,0.03972916666666668,20.66668071705013
0.040250000000000015,158.37652023024663,,0.040250000000000015,157.47145842495766,,0.040250000000000015,0.9050618052889661,,0.040250000000000015,15.7472673226187
0.040770833333333346,103.0881578030049,,0.040770833333333346,102.19427713517528,,0.040770833333333346,0.8938806678296203,,0.040770833333333346,10.220187447853592
0.04129166666666668,43.83817528389925,,0.04129166666666668,42.966706428655705,,0.04129166666666668,0.8714688552435419,,0.04129166666666668,4.296693546380227
0.04181250000000001,-17.096483726635242,,0.04181250000000001,-1.7106483726293106e-10,,0.04181250000000001,-17.09648372646418,,0.04181250000000001,-1.7106483726464176e-11
0.04233333333333334,-77.37413445537366,,0.04233333333333334,-7.738413445382597e-10,,0.04233333333333334,-77.37413445459983,,0.04233333333333334,-7.738413445459982e-11
0.04285416666666667,-134.67834058890662,,0.04285416666666667,-1.3468834058621283e-9,,0.04285416666666667,-134.67834058755975,,0.04285416666666667,-1.3468834058755975e-10
0.043375000000000004,-186.80693362209146,,0.043375000000000004,-1.868169336183551e-9,,0.043375000000000004,-186.8069336202233,,0.043375000000000004,-1.8681693362022332e-10
0.043895833333333335,-231.7566409587147,,0.043895833333333335,-2.3176664095407934e-9,,0.043895833333333335,-231.75664095639704,,0.043895833333333335,-2.3176664095639705e-10
0.04441666666666667,-267.8000705539162,,0.04441666666666667,-2.6781007054855995e-9,,0.04441666666666667,-267.8000705512381,,0.04441666666666667,-2.6781007055123805e-10
0.0449375,-293.5520936217406,,0.0449375,-2.9356209361586927e-9,,0.0449375,-293.552093618805,,0.0449375,-2.9356209361880493e-10
0.04545833333333333,-308.02307435759224,,0.04545833333333333,-3.080330743514315e-9,,0.04545833333333333,-308.0230743545119,,0.04545833333333333,-3.0803307435451185e-10
0.04597916666666666,-310.65690108721196,,0.04597916666666666,-3.1066690108099855e-9,,0.04597916666666666,-310.6569010841053,,0.04597916666666666,-3.1066690108410526e-10
0.04649999999999999,-301.35235732644736,,0.04649999999999999,-3.0136235732042005e-9,,0.04649999999999999,-301.35235732343375,,0.04649999999999999,-3.0136235732343374e-10
0.047020833333333324,-280.4670114739766,,0.047020833333333324,-2.80477011468367e-9,,0.047020833333333324,-280.4670114711718,,0.047020833333333324,-2.804770114711718e-10
0.047541666666666656,-248.803475658273,,0.047541666666666656,-2.4881347565329666e-9,,0.047541666666666656,-248.80347565578487,,0.047541666666666656,-2.488134756557848e-10
0.04806249999999999,-207.5785618036187,,0.04806249999999999,-2.075885617994669e-9,,0.04806249999999999,-207.5785618015428,,0.04806249999999999,-2.0758856180154282e-10
0.04858333333333332,-158.37652023024998,,0.04858333333333332,-1.5838652022708223e-9,,0.04858333333333332,-158.37652022866612,,0.04858333333333332,-1.5838652022866613e-10
0.04910416666666665,-103.0881578030086,,0.04910416666666665,-1.030981578009466e-9,,0.04910416666666665,-103.08815780197762,,0.04910416666666665,-1.0309815780197761e-10
0.04962499999999998,-43.838175283902565,,0.04962499999999998,-4.384817528302559e-10,,0.04962499999999998,-43.83817528346408,,0.04962499999999998,-4.3848175283464084e-11
0.05014583333333331,17.09648372663189,,0.05014583333333331,16.25016164324315,,0.05014583333333331,0.8463220833887419,,0.05014583333333331,1.6251230592845556
0.050666666666666645,77.37413445537042,,0.050666666666666645,76.48774955117685,,0.050666666666666645,0.8863849041935765,,0.050666666666666645,7.648828202247541
0.051187499999999976,134.6783405889036,,0.051187499999999976,133.7774965243099,,0.051187499999999976,0.9008440645937128,,0.051187499999999976,13.377768000449542
0.05170833333333331,186.8069336220888,,0.05170833333333331,185.89757209088117,,0.05170833333333331,0.9093615312076224,,0.05170833333333331,18.59530826139454
0.05222916666666664,231.75664095871247,,0.05222916666666664,230.84168612494923,,0.05222916666666664,0.9149548337632325,,0.05222916666666664,23.084605451090983
0.05274999999999997,267.8000705539145,,0.05274999999999997,266.88136395867605,,0.05274999999999997,0.9187065952384614,,0.05274999999999997,26.688218111447647
0.0532708333333333,293.55209362173946,,0.0532708333333333,292.63100477710253,,0.0532708333333333,0.9210888446369268,,0.0532708333333333,29.2631282235195
0.053791666666666633,308.0230743575918,,0.053791666666666633,307.1007127467572,,0.053791666666666633,0.9223616108345709,,0.053791666666666633,30.739174960964608
0.054312499999999965,310.65690108721213,,0.054312499999999965,309.7343210265367,,0.054312499999999965,0.9225800606754433,,0.054312499999999965,30.999898620021458
0.054833333333333296,301.3523573264482,,0.054833333333333296,300.4305679546797,,0.054833333333333296,0.9217893717685115,,0.054833333333333296,30.06654622873173
0.05535416666666663,280.467011473978,,0.05535416666666663,279.5470829560114,,0.05535416666666663,0.9199285179665821,,0.05535416666666663,27.979329617013
0.05587499999999996,248.80347565827498,,0.05587499999999996,247.88667874228898,,0.05587499999999996,0.9167969159859979,,0.05587499999999996,24.788685340963873
0.05639583333333329,207.57856180362117,,0.05639583333333329,206.66646866590597,,0.05639583333333329,0.9120931377152033,,0.05639583333333329,20.66668071705013
0.05691666666666662,158.37652023025285,,0.05691666666666662,157.47145842496386,,0.05691666666666662,0.9050618052889945,,0.05691666666666662,15.747267322636043
0.057437499999999954,103.08815780301175,,0.057437499999999954,102.19427713518213,,0.057437499999999954,0.8938806678296203,,0.057437499999999954,10.220187447853592
0.057958333333333285,43.83817528390588,,0.057958333333333285,42.966706428662334,,0.057958333333333285,0.871468855243549,,0.057958333333333285,4.296693546381418
0.05847916666666662,-17.096483726628545,,0.05847916666666662,-1.7106483726286411e-10,,0.05847916666666662,-17.096483726457482,,0.05847916666666662,-1.710648372645748e-11
0.05899999999999995,-77.37413445536718,,0.05899999999999995,-7.738413445381949e-10,,0.05899999999999995,-77.37413445459335,,0.05899999999999995,-7.738413445459334e-11
0.05952083333333328,-134.67834058890057,,0.05952083333333328,-1.346883405862068e-9,,0.05952083333333328,-134.6783405875537,,0.05952083333333328,-1.346883405875537e-10
0.06004166666666661,-186.8069336220861,,0.06004166666666661,-1.868169336183497e-9,,0.06004166666666661,-186.80693362021793,,0.06004166666666661,-1.8681693362021794e-10
0.06056249999999994,-231.75664095871025,,0.06056249999999994,-2.3176664095407488e-9,,0.06056249999999994,-231.75664095639257,,0.06056249999999994,-2.3176664095639257e-10
0.061083333333333274,-267.8000705539128,,0.061083333333333274,-2.6781007054855656e-9,,0.061083333333333274,-267.8000705512347,,0.061083333333333274,-2.6781007055123464e-10
0.061604166666666606,-293.5520936217384,,0.061604166666666606,-2.9356209361586707e-9,,0.061604166666666606,-293.55209361880276,,0.061604166666666606,-2.9356209361880276e-10
0.06212499999999994,-308.0230743575913,,0.06212499999999994,-3.080330743514306e-9,,0.06212499999999994,-308.023074354511,,0.06212499999999994,-3.0803307435451097e-10
0.06264583333333328,-310.6569010872123,,0.06264583333333328,-3.106669010809989e-9,,0.06264583333333328,-310.65690108410564,,0.06264583333333328,-3.106669010841056e-10
0.06316666666666661,-301.3523573264488,,0.06316666666666661,-3.0136235732042146e-9,,0.06316666666666661,-301.35235732343517,,0.06316666666666661,-3.0136235732343513e-10
0.06368749999999994,-280.46701147397897,,0.06368749999999994,-2.804770114683694e-9,,0.06368749999999994,-280.4670114711742,,0.06368749999999994,-2.804770114711742e-10
0.06420833333333327,-248.80347565827702,,0.06420833333333327,-2.4881347565330068e-9,,0.06420833333333327,-248.8034756557889,,0.06420833333333327,-2.4881347565578886e-10
0.0647291666666666,-207.57856180362367,,0.0647291666666666,-2.0758856179947184e-9,,0.0647291666666666,-207.57856180154778,,0.0647291666666666,-2.0758856180154778e-10
0.06524999999999993,-158.37652023025478,,0.06524999999999993,-1.5838652022708703e-9,,0.06524999999999993,-158.37652022867093,,0.06524999999999993,-1.5838652022867094e-10
0.06577083333333326,-103.08815780301389,,0.06577083333333326,-1.030981578009519e-9,,0.06577083333333326,-103.0881578019829,,0.06577083333333326,-1.030981578019829e-10
0.0662916666666666,-43.83817528390921,,0.0662916666666666,-4.3848175283032235e-10,,0.0662916666666666,-43.838175283470726,,0.0662916666666666,-4.384817528347073e-11
0.06681249999999993,17.096483726625195,,0.06681249999999993,16.250161643236464,,0.06681249999999993,0.8463220833887313,,0.06681249999999993,1.6251230592838857
0.06733333333333326,77.374134455365,,0.06733333333333326,76.48774955117142,,0.06733333333333326,0.8863849041935765,,0.06733333333333326,7.648828202247541
0.06785416666666659,134.67834058889855,,0.06785416666666659,133.77749652430484,,0.06785416666666659,0.9008440645937128,,0.06785416666666659,13.377768000449542
0.06837499999999992,186.8069336220843,,0.06837499999999992,185.89757209087668,,0.06837499999999992,0.9093615312076224,,0.06837499999999992,18.59530826139454
0.06889583333333325,231.75664095870872,,0.06889583333333325,230.84168612494548,,0.06889583333333325,0.9149548337632325,,0.06889583333333325,23.084605451090983
0.06941666666666658,267.8000705539111,,0.06941666666666658,266.88136395867264,,0.06941666666666658,0.9187065952384614,,0.06941666666666658,26.688218111447647
0.06993749999999992,293.55209362173724,,0.06993749999999992,292.6310047771003,,0.06993749999999992,0.9210888446369268,,0.06993749999999992,29.2631282235195
0.07045833333333325,308.0230743575908,,0.07045833333333325,307.10071274675624,,0.07045833333333325,0.9223616108345709,,0.07045833333333325,30.739174960964608
0.07097916666666658,310.6569010872125,,0.07097916666666658,309.73432102653703,,0.07097916666666658,0.9225800606754433,,0.07097916666666658,30.999898620021458
0.07149999999999991,301.35235732644963,,0.07149999999999991,300.4305679546811,,0.07149999999999991,0.9217893717685115,,0.07149999999999991,30.06654622873173
0.07202083333333324,280.46701147398045,,0.07202083333333324,279.54708295601387,,0.07202083333333324,0.9199285179665821,,0.07202083333333324,27.979329617013
0.07254166666666657,248.80347565827836,,0.07254166666666657,247.88667874229236,,0.07254166666666657,0.9167969159859979,,0.07254166666666657,24.788685340963873
0.0730624999999999,207.57856180362535,,0.0730624999999999,206.66646866591014,,0.0730624999999999,0.9120931377152033,,0.0730624999999999,20.66668071705013
0.07358333333333324,158.37652023025865,,0.07358333333333324,157.47145842496965,,0.07358333333333324,0.9050618052889945,,0.07358333333333324,15.747267322636043
0.07410416666666657,103.08815780301809,,0.07410416666666657,102.19427713518847,,0.07410416666666657,0.8938806678296203,,0.07410416666666657,10.220187447853592
0.0746249999999999,43.83817528391253,,0.0746249999999999,42.96670642866898,,0.0746249999999999,0.871468855243549,,0.0746249999999999,4.296693546381418
0.07514583333333323,-17.096483726621845,,0.07514583333333323,-1.710648372627971e-10,,0.07514583333333323,-17.09648372645078,,0.07514583333333323,-1.710648372645078e-11
0.07566666666666656,-77.37413445536069,,0.07566666666666656,-7.738413445381299e-10,,0.07566666666666656,-77.37413445458685,,0.07566666666666656,-7.738413445458684e-11
0.0761874999999999,-134.67834058889554,,0.0761874999999999,-1.3468834058620175e-9,,0.0761874999999999,-134.67834058754866,,0.0761874999999999,-1.3468834058754866e-10
0.07670833333333323,-186.80693362208166,,0.07670833333333323,-1.868169336183453e-9,,0.07670833333333323,-186.8069336202135,,0.07670833333333323,-1.868169336202135e-10
0.07722916666666656,-231.75664095870653,,0.07722916666666656,-2.3176664095407115e-9,,0.07722916666666656,-231.75664095638885,,0.07722916666666656,-2.3176664095638885e-10
0.07774999999999989,-267.8000705539094,,0.07774999999999989,-2.6781007054855313e-9,,0.07774999999999989,-267.8000705512313,,0.07774999999999989,-2.6781007055123123e-10
0.07827083333333322,-293.55209362173616,,0.07827083333333322,-2.9356209361586484e-9,,0.07827083333333322,-293.55209361880054,,0.07827083333333322,-2.9356209361880053e-10
0.07879166666666655,-308.02307435759036,,0.07879166666666655,-3.080330743514296e-9,,0.07879166666666655,-308.02307435451,,0.07879166666666655,-3.0803307435451e-10
0.07931249999999988,-310.65690108721265,,0.07931249999999988,-3.1066690108099925e-9,,0.07931249999999988,-310.656901084106,,0.07931249999999988,-3.10666901084106e-10
0.07983333333333321,-301.3523573264507,,0.07983333333333321,-3.013623573204234e-9,,0.07983333333333321,-301.3523573234371,,0.07983333333333321,-3.013623573234371e-10
0.08035416666666655,-280.46701147398187,,0.08035416666666655,-2.8047701146837228e-9,,0.08035416666666655,-280.4670114711771,,0.08035416666666655,-2.804770114711771e-10
0.08087499999999988,-248.80347565828038,,0.08087499999999988,-2.4881347565330407e-9,,0.08087499999999988,-248.80347565579225,,0.08087499999999988,-2.488134756557922e-10
0.08139583333333321,-207.57856180362785,,0.08139583333333321,-2.0758856179947602e-9,,0.08139583333333321,-207.57856180155196,,0.08139583333333321,-2.0758856180155197e-10
0.08191666666666654,-158.37652023026152,,0.08191666666666654,-1.5838652022709377e-9,,0.08191666666666654,-158.37652022867766,,0.08191666666666654,-1.5838652022867766e-10
0.08243749999999987,-103.08815780302126,,0.08243749999999987,-1.0309815780095926e-9,,0.08243749999999987,-103.08815780199028,,0.08243749999999987,-1.0309815780199028e-10
0.0829583333333332,-43.83817528391585,,0.0829583333333332,-4.3848175283038883e-10,,0.0829583333333332,-43.83817528347737,,0.0829583333333332,-4.384817528347737e-11
0.08347916666666653,17.096483726618498,,0.08347916666666653,16.250161643229774,,0.08347916666666653,0.8463220833887242,,0.08347916666666653,1.625123059283447
0.08399999999999987,77.37413445535742,,0.08399999999999987,76.48774955116384,,0.08399999999999987,0.8863849041935765,,0.08399999999999987,7.648828202247541
0.0845208333333332,134.6783405888925,,0.0845208333333332,133.77749652429878,,0.0845208333333332,0.9008440645937128,,0.0845208333333332,13.377768000449542
0.08504166666666653,186.80693362207805,,0.08504166666666653,185.89757209087043,,0.08504166666666653,0.9093615312076224,,0.08504166666666653,18.59530826139454
0.08556249999999986,231.7566409587035,,0.08556249999999986,230.84168612494028,,0.08556249999999986,0.9149548337632325,,0.08556249999999986,23.084605451090983
0.08608333333333319,267.8000705539077,,0.08608333333333319,266.8813639586692,,0.08608333333333319,0.9187065952384614,,0.08608333333333319,26.688218111447647
0.08660416666666652,293.552093621735,,0.08660416666666652,292.6310047770981,,0.08660416666666652,0.9210888446369268,,0.08660416666666652,29.2631282235195
0.08712499999999986,308.0230743575899,,0.08712499999999986,307.10071274675533,,0.08712499999999986,0.9223616108345709,,0.08712499999999986,30.739174960964608
0.08764583333333319,310.6569010872128,,0.08764583333333319,309.7343210265374,,0.08764583333333319,0.9225800606754433,,0.08764583333333319,30.999898620021458
0.08816666666666652,301.35235732645157,,0.08816666666666652,300.43056795468306,,0.08816666666666652,0.9217893717685115,,0.08816666666666652,30.06654622873173
0.08868749999999985,280.4670114739838,,0.08868749999999985,279.5470829560172,,0.08868749999999985,0.9199285179665821,,0.08868749999999985,27.979329617013
0.08920833333333318,248.80347565828302,,0.08920833333333318,247.88667874229702,,0.08920833333333318,0.9167969159859979,,0.08920833333333318,24.788685340963873
0.08972916666666651,207.57856180363115,,0.08972916666666651,206.66646866591594,,0.08972916666666651,0.9120931377152033,,0.08972916666666651,20.66668071705013
0.09024999999999984,158.37652023026442,,0.09024999999999984,157.47145842497542,,0.09024999999999984,0.9050618052889945,,0.09024999999999984,15.747267322636043
0.09077083333333318,103.08815780302442,,0.09077083333333318,102.1942771351948,,0.09077083333333318,0.8938806678296203,,0.09077083333333318,10.220187447853592
0.09129166666666651,43.83817528391917,,0.09129166666666651,42.966706428675614,,0.09129166666666651,0.8714688552435561,,0.09129166666666651,4.296693546382608
0.09181249999999984,-17.096483726615148,,0.09181249999999984,-1.7106483726273014e-10,,0.09181249999999984,-17.096483726444085,,0.09181249999999984,-1.7106483726444084e-11
0.09233333333333317,-77.37413445535418,,0.09233333333333317,-7.738413445380649e-10,,0.09233333333333317,-77.37413445458034,,0.09233333333333317,-7.738413445458034e-11
0.0928541666666665,-134.6783405888885,,0.0928541666666665,-1.346883405861947e-9,,0.0928541666666665,-134.6783405875416,,0.0928541666666665,-1.346883405875416e-10
0.09337499999999983,-186.80693362207538,,0.09337499999999983,-1.86816933618339e-9,,0.09337499999999983,-186.80693362020722,,0.09337499999999983,-1.8681693362020722e-10
0.09389583333333316,-231.75664095870127,,0.09389583333333316,-2.317666409540659e-9,,0.09389583333333316,-231.7566409563836,,0.09389583333333316,-2.317666409563836e-10
0.0944166666666665,-267.800070553906,,0.0944166666666665,-2.6781007054854973e-9,,0.0944166666666665,-267.80007055122786,,0.0944166666666665,-2.678100705512278e-10
0.09493749999999983,-293.5520936217339,,0.09493749999999983,-2.9356209361586256e-9,,0.09493749999999983,-293.55209361879827,,0.09493749999999983,-2.9356209361879826e-10
0.09545833333333316,-308.0230743575894,,0.09545833333333316,-3.0803307435142866e-9,,0.09545833333333316,-308.02307435450905,,0.09545833333333316,-3.08033074354509e-10
0.09597916666666649,-310.65690108721304,,0.09597916666666649,-3.1066690108099963e-9,,0.09597916666666649,-310.6569010841064,,0.09597916666666649,-3.1066690108410634e-10
0.09649999999999982,-301.3523573264524,,0.09649999999999982,-3.013623573204251e-9,,0.09649999999999982,-301.3523573234388,,0.09649999999999982,-3.013623573234388e-10
0.09702083333333315,-280.4670114739853,,0.09702083333333315,-2.8047701146837567e-9,,0.09702083333333315,-280.4670114711805,,0.09702083333333315,-2.804770114711805e-10
0.09754166666666648,-248.80347565828507,,0.09754166666666648,-2.4881347565330874e-9,,0.09754166666666648,-248.80347565579694,,0.09754166666666648,-2.488134756557969e-10
0.09806249999999982,-207.57856180363368,,0.09806249999999982,-2.0758856179948185e-9,,0.09806249999999982,-207.57856180155778,,0.09806249999999982,-2.0758856180155778e-10
0.09858333333333315,-158.3765202302673,,0.09858333333333315,-1.5838652022709954e-9,,0.09858333333333315,-158.37652022868343,,0.09858333333333315,-1.5838652022868343e-10
0.09910416666666648,-103.08815780302757,,0.09910416666666648,-1.0309815780096559e-9,,0.09910416666666648,-103.08815780199659,,0.09910416666666648,-1.0309815780199658e-10
0.09962499999999981,-43.838175283922496,,0.09962499999999981,-4.3848175283045526e-10,,0.09962499999999981,-43.83817528348401,,0.09962499999999981,-4.3848175283484013e-11
0.10014583333333314,17.096483726611797,,0.10014583333333314,16.250161643223084,,0.10014583333333314,0.8463220833887135,,0.10014583333333314,1.6251230592827772
0.10066666666666647,77.37413445535093,,0.10066666666666647,76.48774955115735,,0.10066666666666647,0.8863849041935765,,0.10066666666666647,7.648828202247541
0.1011874999999998,134.67834058888548,,0.1011874999999998,133.77749652429176,,0.1011874999999998,0.9008440645937128,,0.1011874999999998,13.377768000449542
0.10170833333333314,186.8069336220727,,0.10170833333333314,185.89757209086508,,0.10170833333333314,0.9093615312076224,,0.10170833333333314,18.59530826139454
0.10222916666666647,231.75664095869905,,0.10222916666666647,230.84168612493582,,0.10222916666666647,0.9149548337632325,,0.10222916666666647,23.084605451090983
0.1027499999999998,267.8000705539043,,0.1027499999999998,266.8813639586658,,0.1027499999999998,0.9187065952384614,,0.1027499999999998,26.688218111447647
0.10327083333333313,293.5520936217328,,0.10327083333333313,292.6310047770959,,0.10327083333333313,0.9210888446369268,,0.10327083333333313,29.2631282235195
0.10379166666666646,308.02307435758894,,0.10379166666666646,307.10071274675437,,0.10379166666666646,0.9223616108345709,,0.10379166666666646,30.739174960964608
0.1043124999999998,310.6569010872132,,0.1043124999999998,309.73432102653777,,0.1043124999999998,0.9225800606754433,,0.1043124999999998,30.999898620021458
0.10483333333333313,301.3523573264532,,0.10483333333333313,300.4305679546847,,0.10483333333333313,0.9217893717685115,,0.10483333333333313,30.06654622873173
0.10535416666666646,280.4670114739867,,0.10535416666666646,279.5470829560201,,0.10535416666666646,0.9199285179665821,,0.10535416666666646,27.979329617013
0.10587499999999979,248.80347565828708,,0.10587499999999979,247.8866787423011,,0.10587499999999979,0.9167969159859979,,0.10587499999999979,24.788685340963873
0.10639583333333312,207.57856180363618,,0.10639583333333312,206.66646866592097,,0.10639583333333312,0.9120931377152033,,0.10639583333333312,20.66668071705013
0.10691666666666645,158.3765202302702,,0.10691666666666645,157.4714584249812,,0.10691666666666645,0.9050618052889945,,0.10691666666666645,15.747267322636043
0.10743749999999978,103.08815780303074,,0.10743749999999978,102.19427713520112,,0.10743749999999978,0.8938806678296203,,0.10743749999999978,10.220187447853592
0.10795833333333311,43.83817528392581,,0.10795833333333311,42.966706428682244,,0.10795833333333311,0.8714688552435632,,0.10795833333333311,4.296693546383768
0.10847916666666645,-17.09648372660845,,0.10847916666666645,-1.7106483726266316e-10,,0.10847916666666645,-17.096483726437388,,0.10847916666666645,-1.7106483726437386e-11
0.10899999999999978,-77.37413445534769,,0.10899999999999978,-7.73841344538e-10,,0.10899999999999978,-77.37413445457385,,0.10899999999999978,-7.738413445457384e-11
0.10952083333333311,-134.67834058888243,,0.10952083333333311,-1.3468834058618866e-9,,0.10952083333333311,-134.67834058753556,,0.10952083333333311,-1.3468834058753556e-10
0.11004166666666644,-186.80693362207,,0.11004166666666644,-1.8681693361833363e-9,,0.11004166666666644,-186.80693362020185,,0.11004166666666644,-1.8681693362020184e-10
0.11056249999999977,-231.7566409586968,,0.11056249999999977,-2.3176664095406143e-9,,0.11056249999999977,-231.75664095637913,,0.11056249999999977,-2.3176664095637913e-10
0.1110833333333331,-267.8000705539026,,0.1110833333333331,-2.678100705485463e-9,,0.1110833333333331,-267.80007055122445,,0.1110833333333331,-2.678100705512244e-10
0.11160416666666644,-293.5520936217317,,0.11160416666666644,-2.9356209361586037e-9,,0.11160416666666644,-293.55209361879605,,0.11160416666666644,-2.9356209361879604e-10
0.11212499999999977,-308.0230743575885,,0.11212499999999977,-3.0803307435142775e-9,,0.11212499999999977,-308.02307435450814,,0.11212499999999977,-3.0803307435450813e-10
0.1126458333333331,-310.6569010872134,,0.1126458333333331,-3.1066690108099996e-9,,0.1126458333333331,-310.6569010841067,,0.1126458333333331,-3.106669010841067e-10
0.11316666666666643,-301.35235732645407,,0.11316666666666643,-3.0136235732042675e-9,,0.11316666666666643,-301.35235732344046,,0.11316666666666643,-3.0136235732344046e-10
0.11368749999999976,-280.4670114739882,,0.11368749999999976,-2.8047701146837856e-9,,0.11368749999999976,-280.4670114711834,,0.11368749999999976,-2.804770114711834e-10
0.11420833333333309,-248.80347565828907,,0.11420833333333309,-2.4881347565331275e-9,,0.11420833333333309,-248.80347565580095,,0.11420833333333309,-2.4881347565580095e-10
0.11472916666666642,-207.57856180363865,,0.11472916666666642,-2.075885617994868e-9,,0.11472916666666642,-207.57856180156276,,0.11472916666666642,-2.0758856180156277e-10
0.11524999999999976,-158.37652023027306,,0.11524999999999976,-1.583865202271053e-9,,0.11524999999999976,-158.3765202286892,,0.11524999999999976,-1.5838652022868922e-10
0.11577083333333309,-103.08815780303391,,0.11577083333333309,-1.0309815780097192e-9,,0.11577083333333309,-103.08815780200293,,0.11577083333333309,-1.0309815780200292e-10
0.11629166666666642,-43.83817528392913,,0.11629166666666642,-4.384817528305216e-10,,0.11629166666666642,-43.83817528349065,,0.11629166666666642,-4.384817528349065e-11
0.11681249999999975,17.0964837266051,,0.11681249999999975,16.2501616432164,,0.11681249999999975,0.8463220833886993,,0.11681249999999975,1.6251230592818766
0.11733333333333308,77.37413445534445,,0.11733333333333308,76.48774955115087,,0.11733333333333308,0.8863849041935765,,0.11733333333333308,7.648828202247541
0.11785416666666641,134.67834058887942,,0.11785416666666641,133.7774965242857,,0.11785416666666641,0.9008440645937128,,0.11785416666666641,13.377768000449542
0.11837499999999974,186.80693362206736,,0.11837499999999974,185.89757209085974,,0.11837499999999974,0.9093615312076224,,0.11837499999999974,18.59530826139454
0.11889583333333308,231.75664095869456,,0.11889583333333308,230.84168612493133,,0.11889583333333308,0.9149548337632325,,0.11889583333333308,23.084605451090983
0.11941666666666641,267.80007055389973,,0.11941666666666641,266.88136395866127,,0.11941666666666641,0.9187065952384614,,0.11941666666666641,26.688218111447647
0.11993749999999974,293.5520936217306,,0.11993749999999974,292.63100477709366,,0.11993749999999974,0.9210888446369268,,0.11993749999999974,29.2631282235195
0.12045833333333307,308.023074357588,,0.12045833333333307,307.1007127467534,,0.12045833333333307,0.9223616108345709,,0.12045833333333307,30.739174960964608
0.1209791666666664,310.6569010872136,,0.1209791666666664,309.73432102653817,,0.1209791666666664,0.9225800606754433,,0.1209791666666664,30.999898620021458
0.12149999999999973,301.35235732645486,,0.12149999999999973,300.43056795468635,,0.12149999999999973,0.9217893717685115,,0.12149999999999973,30.06654622873173
0.12202083333333306,280.4670114739896,,0.12202083333333306,279.547082956023,,0.12202083333333306,0.9199285179665821,,0.12202083333333306,27.979329617013
0.1225416666666664,248.80347565829112,,0.1225416666666664,247.88667874230512,,0.1225416666666664,0.9167969159859979,,0.1225416666666664,24.788685340963873
0.12306249999999973,207.57856180364118,,0.12306249999999973,206.66646866592598,,0.12306249999999973,0.9120931377152033,,0.12306249999999973,20.66668071705013
0.12358333333333306,158.37652023027786,,0.12358333333333306,157.47145842498887,,0.12358333333333306,0.9050618052889945,,0.12358333333333306,15.747267322636043
0.12410416666666639,103.08815780303708,,0.12410416666666639,102.19427713520746,,0.12410416666666639,0.8938806678296203,,0.12410416666666639,10.220187447853592
0.12462499999999972,43.83817528393245,,0.12462499999999972,42.96670642868889,,0.12462499999999972,0.8714688552435632,,0.12462499999999972,4.296693546383768
0.12514583333333307,-17.09648372660396,,0.12514583333333307,-1.7106483726261826e-10,,0.12514583333333307,-17.096483726432897,,0.12514583333333307,-1.7106483726432895e-11
0.1256666666666664,-77.37413445534332,,0.1256666666666664,-7.738413445379563e-10,,0.1256666666666664,-77.37413445456949,,0.1256666666666664,-7.738413445456948e-11
0.12618749999999973,-134.6783405888784,,0.12618749999999973,-1.3468834058618463e-9,,0.12618749999999973,-134.67834058753152,,0.12618749999999973,-1.3468834058753153e-10
0.12670833333333306,-186.80693362206642,,0.12670833333333306,-1.8681693361833003e-9,,0.12670833333333306,-186.80693362019827,,0.12670833333333306,-1.8681693362019827e-10
0.1272291666666664,-231.75664095869234,,0.1272291666666664,-2.3176664095405697e-9,,0.1272291666666664,-231.75664095637467,,0.1272291666666664,-2.3176664095637466e-10
0.12774999999999972,-267.80007055389916,,0.12774999999999972,-2.678100705485429e-9,,0.12774999999999972,-267.80007055122104,,0.12774999999999972,-2.6781007055122104e-10
0.12827083333333306,-293.5520936217295,,0.12827083333333306,-2.935620936158582e-9,,0.12827083333333306,-293.5520936187939,,0.12827083333333306,-2.9356209361879387e-10
0.1287916666666664,-308.0230743575875,,0.1287916666666664,-3.080330743514268e-9,,0.1287916666666664,-308.0230743545072,,0.1287916666666664,-3.0803307435450715e-10
0.12931249999999972,-310.6569010872138,,0.12931249999999972,-3.1066690108100037e-9,,0.12931249999999972,-310.6569010841071,,0.12931249999999972,-3.106669010841071e-10
0.12983333333333305,-301.3523573264552,,0.12983333333333305,-3.013623573204279e-9,,0.12983333333333305,-301.3523573234416,,0.12983333333333305,-3.013623573234416e-10
0.13035416666666638,-280.4670114739901,,0.13035416666666638,-2.804770114683805e-9,,0.13035416666666638,-280.46701147118534,,0.13035416666666638,-2.804770114711853e-10
0.1308749999999997,-248.8034756582918,,0.1308749999999997,-2.488134756533155e-9,,0.1308749999999997,-248.80347565580368,,0.1308749999999997,-2.4881347565580364e-10
0.13139583333333305,-207.578561803642,,0.13139583333333305,-2.0758856179949017e-9,,0.13139583333333305,-207.5785618015661,,0.13139583333333305,-2.075885618015661e-10
0.13191666666666638,-158.37652023027886,,0.13191666666666638,-1.5838652022711112e-9,,0.13191666666666638,-158.376520228695,,0.13191666666666638,-1.58386520228695e-10
0.1324374999999997,-103.08815780304023,,0.1324374999999997,-1.0309815780097825e-9,,0.1324374999999997,-103.08815780200925,,0.1324374999999997,-1.0309815780200925e-10
0.13295833333333304,-43.838175283935776,,0.13295833333333304,-4.38481752830588e-10,,0.13295833333333304,-43.83817528349729,,0.13295833333333304,-4.3848175283497294e-11
0.13347916666666637,17.096483726598404,,0.13347916666666637,16.250161643209715,,0.13347916666666637,0.8463220833886886,,0.13347916666666637,1.625123059281207
0.1339999999999997,77.37413445533794,,0.1339999999999997,76.48774955114436,,0.1339999999999997,0.8863849041935765,,0.1339999999999997,7.648828202247541
0.13452083333333303,134.67834058887337,,0.13452083333333303,133.77749652427966,,0.13452083333333303,0.9008440645937128,,0.13452083333333303,13.377768000449542
0.13504166666666637,186.80693362206196,,0.13504166666666637,185.89757209085434,,0.13504166666666637,0.9093615312076224,,0.13504166666666637,18.59530826139454
0.1355624999999997,231.7566409586901,,0.1355624999999997,230.84168612492687,,0.1355624999999997,0.9149548337632325,,0.1355624999999997,23.084605451090983
0.13608333333333303,267.80007055389746,,0.13608333333333303,266.881363958659,,0.13608333333333303,0.9187065952384614,,0.13608333333333303,26.688218111447647
0.13660416666666636,293.5520936217283,,0.13660416666666636,292.6310047770914,,0.13660416666666636,0.9210888446369268,,0.13660416666666636,29.2631282235195
0.1371249999999997,308.02307435758706,,0.1371249999999997,307.1007127467525,,0.1371249999999997,0.9223616108345709,,0.1371249999999997,30.739174960964608
0.13764583333333302,310.65690108721395,,0.13764583333333302,309.7343210265385,,0.13764583333333302,0.9225800606754433,,0.13764583333333302,30.999898620021458
0.13816666666666635,301.35235732645657,,0.13816666666666635,300.43056795468806,,0.13816666666666635,0.9217893717685115,,0.13816666666666635,30.06654622873173
0.13868749999999969,280.46701147399153,,0.13868749999999969,279.54708295602495,,0.13868749999999969,0.9199285179665821,,0.13868749999999969,27.979329617013
0.13920833333333302,248.80347565829382,,0.13920833333333302,247.88667874230782,,0.13920833333333302,0.9167969159859979,,0.13920833333333302,24.788685340963873
0.13972916666666635,207.57856180364453,,0.13972916666666635,206.66646866592933,,0.13972916666666635,0.9120931377152033,,0.13972916666666635,20.66668071705013
0.14024999999999968,158.37652023027982,,0.14024999999999968,157.47145842499083,,0.14024999999999968,0.9050618052889945,,0.14024999999999968,15.747267322636043
0.140770833333333,103.08815780304133,,0.140770833333333,102.1942771352117,,0.140770833333333,0.8938806678296203,,0.140770833333333,10.220187447853592
0.14129166666666634,43.838175283936906,,0.14129166666666634,42.96670642869334,,0.14129166666666634,0.8714688552435632,,0.14129166666666634,4.296693546383768
0.14181249999999967,-17.09648372659726,,0.14181249999999967,-1.7106483726255126e-10,,0.14181249999999967,-17.096483726426197,,0.14181249999999967,-1.7106483726426193e-11
0.142333333333333,-77.37413445533468,,0.142333333333333,-7.738413445378699e-10,,0.142333333333333,-77.37413445456085,,0.142333333333333,-7.738413445456084e-11
0.14285416666666634,-134.67834058887033,,0.14285416666666634,-1.3468834058617654e-9,,0.14285416666666634,-134.67834058752345,,0.14285416666666634,-1.3468834058752346e-10
0.14337499999999967,-186.8069336220593,,0.14337499999999967,-1.868169336183229e-9,,0.14337499999999967,-186.80693362019113,,0.14337499999999967,-1.8681693362019114e-10
0.143895833333333,-231.75664095868785,,0.143895833333333,-2.3176664095405246e-9,,0.143895833333333,-231.75664095637018,,0.143895833333333,-2.317666409563702e-10
0.14441666666666633,-267.8000705538957,,0.14441666666666633,-2.6781007054853944e-9,,0.14441666666666633,-267.8000705512176,,0.14441666666666633,-2.6781007055121753e-10
0.14493749999999966,-293.55209362172724,,0.14493749999999966,-2.9356209361585595e-9,,0.14493749999999966,-293.5520936187916,,0.14493749999999966,-2.935620936187916e-10
0.145458333333333,-308.02307435758655,,0.145458333333333,-3.080330743514258e-9,,0.145458333333333,-308.0230743545062,,0.145458333333333,-3.0803307435450616e-10
0.14597916666666633,-310.6569010872142,,0.14597916666666633,-3.106669010810008e-9,,0.14597916666666633,-310.6569010841075,,0.14597916666666633,-3.106669010841075e-10
0.14649999999999966,-301.3523573264574,,0.14649999999999966,-3.013623573204301e-9,,0.14649999999999966,-301.3523573234438,,0.14649999999999966,-3.0136235732344377e-10
0.147020833333333,-280.467011473993,,0.147020833333333,-2.804770114683834e-9,,0.147020833333333,-280.46701147118824,,0.147020833333333,-2.804770114711882e-10
0.14754166666666632,-248.8034756582958,,0.14754166666666632,-2.488134756533195e-9,,0.14754166666666632,-248.8034756558077,,0.14754166666666632,-2.4881347565580767e-10
0.14806249999999965,-207.578561803647,,0.14806249999999965,-2.0758856179949517e-9,,0.14806249999999965,-207.5785618015711,,0.14806249999999965,-2.0758856180157112e-10
0.14858333333333298,-158.37652023028272,,0.14858333333333298,-1.5838652022711496e-9,,0.14858333333333298,-158.37652022869887,,0.14858333333333298,-1.5838652022869886e-10
0.14910416666666632,-103.08815780304448,,0.14910416666666632,-1.0309815780098248e-9,,0.14910416666666632,-103.0881578020135,,0.14910416666666632,-1.0309815780201349e-10
0.14962499999999965,-43.838175283940224,,0.14962499999999965,-4.3848175283063254e-10,,0.14962499999999965,-43.83817528350174,,0.14962499999999965,-4.384817528350174e-11
0.15014583333333298,17.096483726591703,,0.15014583333333298,16.250161643203022,,0.15014583333333298,0.8463220833886815,,0.15014583333333298,1.6251230592807682
0.1506666666666663,77.37413445533144,,0.1506666666666663,76.48774955113787,,0.1506666666666663,0.8863849041935765,,0.1506666666666663,7.648828202247541
0.15118749999999964,134.67834058886731,,0.15118749999999964,133.7774965242736,,0.15118749999999964,0.9008440645937128,,0.15118749999999964,13.377768000449542
0.15170833333333297,186.80693362205662,,0.15170833333333297,185.897572090849,,0.15170833333333297,0.9093615312076224,,0.15170833333333297,18.59530826139454
0.1522291666666663,231.7566409586856,,0.1522291666666663,230.84168612492238,,0.1522291666666663,0.9149548337632325,,0.1522291666666663,23.084605451090983
0.15274999999999964,267.80007055389405,,0.15274999999999964,266.8813639586556,,0.15274999999999964,0.9187065952384614,,0.15274999999999964,26.688218111447647
0.15327083333333297,293.55209362172616,,0.15327083333333297,292.63100477708923,,0.15327083333333297,0.9210888446369268,,0.15327083333333297,29.2631282235195
0.1537916666666663,308.0230743575861,,0.1537916666666663,307.1007127467515,,0.1537916666666663,0.9223616108345709,,0.1537916666666663,30.739174960964608
0.15431249999999963,310.65690108721435,,0.15431249999999963,309.7343210265389,,0.15431249999999963,0.9225800606754433,,0.15431249999999963,30.999898620021458
0.15483333333333296,301.3523573264582,,0.15483333333333296,300.4305679546897,,0.15483333333333296,0.9217893717685115,,0.15483333333333296,30.06654622873173
0.1553541666666663,280.4670114739954,,0.1553541666666663,279.5470829560288,,0.1553541666666663,0.9199285179665821,,0.1553541666666663,27.979329617013
0.15587499999999962,248.80347565829783,,0.15587499999999962,247.88667874231183,,0.15587499999999962,0.9167969159859979,,0.15587499999999962,24.788685340963873
0.15639583333333296,207.5785618036495,,0.15639583333333296,206.6664686659343,,0.15639583333333296,0.9120931377152033,,0.15639583333333296,20.66668071705013
0.1569166666666663,158.3765202302856,,0.1569166666666663,157.4714584249966,,0.1569166666666663,0.9050618052889945,,0.1569166666666663,15.747267322636043
0.15743749999999962,103.08815780304765,,0.15743749999999962,102.19427713521802,,0.15743749999999962,0.8938806678296345,,0.15743749999999962,10.220187447859184
0.15795833333333295,43.83817528394355,,0.15795833333333295,42.966706428699986,,0.15795833333333295,0.8714688552435632,,0.15795833333333295,4.296693546383768
0.15847916666666628,-17.096483726590563,,0.15847916666666628,-1.7106483726248428e-10,,0.15847916666666628,-17.0964837264195,,0.15847916666666628,-1.7106483726419498e-11
0.1589999999999996,-77.37413445532819,,0.1589999999999996,-7.73841344537805e-10,,0.1589999999999996,-77.37413445455435,,0.1589999999999996,-7.738413445455435e-11
0.15952083333333295,-134.6783405888643,,0.15952083333333295,-1.3468834058617052e-9,,0.15952083333333295,-134.67834058751743,,0.15952083333333295,-1.3468834058751744e-10
0.16004166666666628,-186.80693362205392,,0.16004166666666628,-1.8681693361831754e-9,,0.16004166666666628,-186.80693362018576,,0.16004166666666628,-1.8681693362018576e-10
0.1605624999999996,-231.75664095868336,,0.1605624999999996,-2.31766640954048e-9,,0.1605624999999996,-231.7566409563657,,0.1605624999999996,-2.317666409563657e-10
0.16108333333333294,-267.80007055389234,,0.16108333333333294,-2.678100705485361e-9,,0.16108333333333294,-267.8000705512142,,0.16108333333333294,-2.678100705512142e-10
0.16160416666666627,-293.552093621725,,0.16160416666666627,-2.935620936158537e-9,,0.16160416666666627,-293.5520936187894,,0.16160416666666627,-2.9356209361878937e-10
0.1621249999999996,-308.02307435758564,,0.1621249999999996,-3.080330743514249e-9,,0.1621249999999996,-308.0230743545053,,0.1621249999999996,-3.080330743545053e-10
0.16264583333333293,-310.6569010872145,,0.16264583333333293,-3.106669010810011e-9,,0.16264583333333293,-310.65690108410786,,0.16264583333333293,-3.1066690108410784e-10
0.16316666666666627,-301.35235732645907,,0.16316666666666627,-3.0136235732043175e-9,,0.16316666666666627,-301.35235732344546,,0.16316666666666627,-3.013623573234454e-10
0.1636874999999996,-280.4670114739969,,0.1636874999999996,-2.804770114683873e-9,,0.1636874999999996,-280.4670114711921,,0.1636874999999996,-2.8047701147119207e-10
0.16420833333333293,-248.80347565830115,,0.16420833333333293,-2.4881347565332483e-9,,0.16420833333333293,-248.80347565581303,,0.16420833333333293,-2.48813475655813e-10
0.16472916666666626,-207.578561803652,,0.16472916666666626,-2.0758856179950018e-9,,0.16472916666666626,-207.57856180157611,,0.16472916666666626,-2.075885618015761e-10
0.1652499999999996,-158.3765202302885,,0.1652499999999996,-1.5838652022712073e-9,,0.1652499999999996,-158.37652022870463,,0.1652499999999996,-1.5838652022870465e-10
0.16577083333333292,-103.0881578030508,,0.16577083333333292,-1.0309815780098881e-9,,0.16577083333333292,-103.08815780201982,,0.16577083333333292,-1.0309815780201982e-10
0.16629166666666625,-43.83817528394687,,0.16629166666666625,-4.3848175283069897e-10,,0.16629166666666625,-43.838175283508384,,0.16629166666666625,-4.384817528350838e-11
0.16681249999999959,17.096483726582797,,0.16681249999999959,16.250161643194133,,0.16681249999999959,0.8463220833886638,,0.16681249999999959,1.6251230592796477
0.16733333333333292,77.3741344553228,,0.16733333333333292,76.48774955112923,,0.16733333333333292,0.8863849041935765,,0.16733333333333292,7.648828202247541
0.16785416666666625,134.67834058886126,,0.16785416666666625,133.77749652426755,,0.16785416666666625,0.9008440645937128,,0.16785416666666625,13.377768000449542
0.16837499999999958,186.80693362205125,,0.16837499999999958,185.89757209084362,,0.16837499999999958,0.9093615312076224,,0.16837499999999958,18.59530826139454
0.1688958333333329,231.75664095868117,,0.1688958333333329,230.84168612491794,,0.1688958333333329,0.9149548337632325,,0.1688958333333329,23.084605451090983
0.16941666666666624,267.8000705538906,,0.16941666666666624,266.8813639586521,,0.16941666666666624,0.9187065952384614,,0.16941666666666624,26.688218111447647
0.16993749999999958,293.55209362172315,,0.16993749999999958,292.6310047770862,,0.16993749999999958,0.9210888446369268,,0.16993749999999958,29.2631282235195
0.1704583333333329,308.0230743575852,,0.1704583333333329,307.1007127467506,,0.1704583333333329,0.9223616108345709,,0.1704583333333329,30.739174960964608
0.17097916666666624,310.6569010872146,,0.17097916666666624,309.73432102653913,,0.17097916666666624,0.9225800606754433,,0.17097916666666624,30.999898620021458
0.17149999999999957,301.35235732645987,,0.17149999999999957,300.43056795469136,,0.17149999999999957,0.9217893717685115,,0.17149999999999957,30.06654622873173
0.1720208333333329,280.4670114739974,,0.1720208333333329,279.5470829560308,,0.1720208333333329,0.9199285179665821,,0.1720208333333329,27.979329617013
0.17254166666666623,248.8034756583032,,0.17254166666666623,247.88667874231717,,0.17254166666666623,0.9167969159860263,,0.17254166666666623,24.788685340990998
0.17306249999999956,207.5785618036545,,0.17306249999999956,206.6664686659393,,0.17306249999999956,0.9120931377152033,,0.17306249999999956,20.66668071705013
0.1735833333333329,158.3765202302933,,0.1735833333333329,157.4714584250043,,0.1735833333333329,0.9050618052889945,,0.1735833333333329,15.747267322636043
0.17410416666666623,103.08815780305399,,0.17410416666666623,102.19427713522435,,0.17410416666666623,0.8938806678296345,,0.17410416666666623,10.220187447859184
0.17462499999999956,43.83817528395238,,0.17462499999999956,42.96670642870881,,0.17462499999999956,0.8714688552435703,,0.17462499999999956,4.296693546384959
0.1751458333333329,-17.096483726583866,,0.1751458333333329,-1.710648372624173e-10,,0.1751458333333329,-17.096483726412803,,0.1751458333333329,-1.71064837264128e-11
0.17566666666666622,-77.3741344553217,,0.17566666666666622,-7.7384134453774e-10,,0.17566666666666622,-77.37413445454786,,0.17566666666666622,-7.738413445454785e-11
0.17618749999999955,-134.67834058885626,,0.17618749999999955,-1.3468834058616248e-9,,0.17618749999999955,-134.67834058750938,,0.17618749999999955,-1.346883405875094e-10
0.17670833333333288,-186.80693362204855,,0.17670833333333288,-1.8681693361831216e-9,,0.17670833333333288,-186.8069336201804,,0.17670833333333288,-1.8681693362018038e-10
0.17722916666666622,-231.75664095867742,,0.17722916666666622,-2.3176664095404204e-9,,0.17722916666666622,-231.75664095635975,,0.17722916666666622,-2.3176664095635975e-10
0.17774999999999955,-267.80007055388893,,0.17774999999999955,-2.6781007054853265e-9,,0.17774999999999955,-267.8000705512108,,0.17774999999999955,-2.678100705512108e-10
0.17827083333333288,-293.55209362172207,,0.17827083333333288,-2.9356209361585074e-9,,0.17827083333333288,-293.55209361878644,,0.17827083333333288,-2.935620936187864e-10
0.1787916666666662,-308.0230743575847,,0.1787916666666662,-3.0803307435142394e-9,,0.1787916666666662,-308.02307435450433,,0.1787916666666662,-3.080330743545043e-10
0.17931249999999954,-310.65690108721475,,0.17931249999999954,-3.1066690108100132e-9,,0.17931249999999954,-310.6569010841081,,0.17931249999999954,-3.1066690108410805e-10
0.17983333333333287,-301.3523573264607,,0.17983333333333287,-3.013623573204334e-9,,0.17983333333333287,-301.3523573234471,,0.17983333333333287,-3.013623573234471e-10
0.1803541666666662,-280.46701147399887,,0.1803541666666662,-2.8047701146838927e-9,,0.1803541666666662,-280.4670114711941,,0.1803541666666662,-2.804770114711941e-10
0.18087499999999954,-248.80347565830522,,0.18087499999999954,-2.488134756533289e-9,,0.18087499999999954,-248.8034756558171,,0.18087499999999954,-2.488134756558171e-10
0.18139583333333287,-207.57856180365698,,0.18139583333333287,-2.075885617995052e-9,,0.18139583333333287,-207.5785618015811,,0.18139583333333287,-2.075885618015811e-10
0.1819166666666662,-158.37652023029617,,0.1819166666666662,-1.5838652022712843e-9,,0.1819166666666662,-158.3765202287123,,0.1819166666666662,-1.583865202287123e-10
0.18243749999999953,-103.08815780305714,,0.18243749999999953,-1.0309815780099516e-9,,0.18243749999999953,-103.08815780202616,,0.18243749999999953,-1.0309815780202615e-10
0.18295833333333286,-43.8381752839557,,0.18295833333333286,-4.3848175283078727e-10,,0.18295833333333286,-43.83817528351722,,0.18295833333333286,-4.384817528351722e-11
0.1834791666666662,17.0964837265761,,0.1834791666666662,16.250161643187447,,0.1834791666666662,0.8463220833886531,,0.1834791666666662,1.625123059278978
0.18399999999999953,77.37413445531844,,0.18399999999999953,76.48774955112488,,0.18399999999999953,0.8863849041935623,,0.18399999999999953,7.648828202243356
0.18452083333333286,134.67834058885325,,0.18452083333333286,133.77749652425953,,0.18452083333333286,0.9008440645937128,,0.18452083333333286,13.377768000449542
0.1850416666666662,186.80693362204588,,0.1850416666666662,185.89757209083825,,0.1850416666666662,0.9093615312076224,,0.1850416666666662,18.59530826139454
0.18556249999999952,231.75664095867518,,0.18556249999999952,230.84168612491194,,0.18556249999999952,0.9149548337632325,,0.18556249999999952,23.084605451090983
0.18608333333333285,267.80007055388717,,0.18608333333333285,266.8813639586487,,0.18608333333333285,0.9187065952384614,,0.18608333333333285,26.688218111447647
0.18660416666666618,293.5520936217209,,0.18660416666666618,292.631004777084,,0.18660416666666618,0.9210888446369268,,0.18660416666666618,29.2631282235195
0.18712499999999951,308.0230743575842,,0.18712499999999951,307.10071274674965,,0.18712499999999951,0.9223616108345709,,0.18712499999999951,30.739174960964608
0.18764583333333285,310.6569010872152,,0.18764583333333285,309.73432102653976,,0.18764583333333285,0.9225800606754433,,0.18764583333333285,30.999898620021458
0.18816666666666618,301.3523573264616,,0.18816666666666618,300.43056795469306,,0.18816666666666618,0.9217893717685115,,0.18816666666666618,30.06654622873173
0.1886874999999995,280.4670114740003,,0.1886874999999995,279.5470829560337,,0.1886874999999995,0.9199285179665821,,0.1886874999999995,27.979329617013
0.18920833333333284,248.8034756583072,,0.18920833333333284,247.88667874232118,,0.18920833333333284,0.9167969159860263,,0.18920833333333284,24.788685340990998
0.18972916666666617,207.5785618036595,,0.18972916666666617,206.6664686659443,,0.18972916666666617,0.9120931377152033,,0.18972916666666617,20.66668071705013
0.1902499999999995,158.37652023029906,,0.1902499999999995,157.47145842501007,,0.1902499999999995,0.9050618052889945,,0.1902499999999995,15.747267322636043
0.19077083333333283,103.08815780306031,,0.19077083333333283,102.19427713523068,,0.19077083333333283,0.8938806678296345,,0.19077083333333283,10.220187447859184
0.19129166666666617,43.83817528395902,,0.19129166666666617,42.96670642871544,,0.19129166666666617,0.8714688552435774,,0.19129166666666617,4.296693546386149
0.1918124999999995,-17.096483726577166,,0.1918124999999995,-1.710648372623503e-10,,0.1918124999999995,-17.096483726406102,,0.1918124999999995,-1.7106483726406102e-11
0.19233333333333283,-77.3741344553152,,0.19233333333333283,-7.738413445376751e-10,,0.19233333333333283,-77.37413445454136,,0.19233333333333283,-7.738413445454136e-11
0.19285416666666616,-134.6783405888502,,0.19285416666666616,-1.3468834058615642e-9,,0.19285416666666616,-134.67834058750333,,0.19285416666666616,-1.3468834058750332e-10
0.1933749999999995,-186.8069336220432,,0.1933749999999995,-1.8681693361830683e-9,,0.1933749999999995,-186.80693362017504,,0.1933749999999995,-1.8681693362017506e-10
0.19389583333333282,-231.75664095867293,,0.19389583333333282,-2.3176664095403753e-9,,0.19389583333333282,-231.75664095635526,,0.19389583333333282,-2.3176664095635525e-10
0.19441666666666615,-267.80007055388546,,0.19441666666666615,-2.678100705485292e-9,,0.19441666666666615,-267.80007055120734,,0.19441666666666615,-2.6781007055120734e-10
0.1949374999999995,-293.55209362171985,,0.1949374999999995,-2.9356209361584854e-9,,0.1949374999999995,-293.5520936187842,,0.1949374999999995,-2.935620936187842e-10
0.19545833333333282,-308.02307435758377,,0.19545833333333282,-3.0803307435142303e-9,,0.19545833333333282,-308.0230743545034,,0.19545833333333282,-3.0803307435450337e-10
0.19597916666666615,-310.6569010872154,,0.19597916666666615,-3.10666901081002e-9,,0.19597916666666615,-310.6569010841087,,0.19597916666666615,-3.1066690108410867e-10
0.19649999999999948,-301.3523573264624,,0.19649999999999948,-3.013623573204351e-9,,0.19649999999999948,-301.3523573234488,,0.19649999999999948,-3.013623573234488e-10
0.1970208333333328,-280.46701147400177,,0.1970208333333328,-2.8047701146839217e-9,,0.1970208333333328,-280.467011471197,,0.1970208333333328,-2.80477011471197e-10
0.19754166666666614,-248.80347565830922,,0.19754166666666614,-2.488134756533329e-9,,0.19754166666666614,-248.8034756558211,,0.19754166666666614,-2.4881347565582106e-10
0.19806249999999948,-207.578561803662,,0.19806249999999948,-2.075885617995102e-9,,0.19806249999999948,-207.57856180158612,,0.19806249999999948,-2.0758856180158611e-10
0.1985833333333328,-158.37652023030194,,0.1985833333333328,-1.583865202271342e-9,,0.1985833333333328,-158.37652022871808,,0.1985833333333328,-1.583865202287181e-10
0.19910416666666614,-103.08815780306347,,0.19910416666666614,-1.0309815780100147e-9,,0.19910416666666614,-103.08815780203248,,0.19910416666666614,-1.0309815780203247e-10
0.19962499999999947,-43.838175283962336,,0.19962499999999947,-4.3848175283085365e-10,,0.19962499999999947,-43.83817528352385,,0.19962499999999947,-4.3848175283523854e-11
0.2001458333333328,17.096483726569403,,0.2001458333333328,16.25016164318076,,0.2001458333333328,0.8463220833886425,,0.2001458333333328,1.6251230592783084
0.20066666666666613,77.37413445531195,,0.20066666666666613,76.48774955111838,,0.20066666666666613,0.8863849041935623,,0.20066666666666613,7.648828202243356
0.20118749999999946,134.67834058884716,,0.20118749999999946,133.77749652425348,,0.20118749999999946,0.9008440645936844,,0.20118749999999946,13.377768000434807
0.2017083333333328,186.8069336220405,,0.2017083333333328,185.89757209083288,,0.2017083333333328,0.9093615312076224,,0.2017083333333328,18.59530826139454
0.20222916666666613,231.75664095867074,,0.20222916666666613,230.8416861249075,,0.20222916666666613,0.9149548337632325,,0.20222916666666613,23.084605451090983
0.20274999999999946,267.80007055388376,,0.20274999999999946,266.8813639586453,,0.20274999999999946,0.9187065952384614,,0.20274999999999946,26.688218111447647
0.2032708333333328,293.55209362171877,,0.2032708333333328,292.63100477708184,,0.2032708333333328,0.9210888446369268,,0.2032708333333328,29.2631282235195
0.20379166666666612,308.02307435758325,,0.20379166666666612,307.1007127467487,,0.20379166666666612,0.9223616108345709,,0.20379166666666612,30.739174960964608
